{
  "_generated": "Generated by SweetTooth, do not edit", 
  "description": "TaskBar displays icons of running applications on the top panel or alternatively on a new bottom panel. Activate, minimize or close tasks with a simple click.\nTaskBar is a dock-like windows list on the top/bottom bar.\n\nOptions:\nDesktop button - toggle desktop view\nWorkspace button - switch workspaces left/right-click: cycle forward/backwards\nAppview button - left/right-click: toggle appview/overview\nFavorites - add from dash\nAlign position\nIcon/font size\nTop/bottom panel background color + opacity\nBottom panel tray button - activate the message tray\nTasks on all workspaces\nClose tasks with a right/middle click\nActivate tasks on hover\nScroll tasks/workspaces\nSeparators\nThumbnail/label-preview\nHide activities\nDisable hot corner\nHide default application menu - simultaneously integrates the menu into\napplications like empathy, nautilus, etc.\n\nVersion 40 for GNOME 3.4 - 3.14\nzpydr@openmailbox.org\nChinese language support by tuhaihe\nGerman language support by jonnius, to-ba\nCredit to Xes, flubshi, rogst, Baltix", 
  "name": "TaskBar", 
  "shell-version": [
    "3.4", 
    "3.6", 
    "3.8", 
    "3.10", 
    "3.12", 
    "3.14"
  ], 
  "url": "https://github.com/zpydr/gnome-shell-extension-taskbar", 
  "uuid": "TaskBar@zpydr", 
  "version": 40
}