{
  "_generated": "Generated by SweetTooth, do not edit", 
  "description": "A tiling window extension for GNOME Shell. Just move a window over another one, holding down the Control key, and you'll see the magic! Grouped windows minimize, resize, raise and change workspace together. Maximize a window to remove it from the group.", 
  "gettext-domain": "shelltile", 
  "name": "ShellTile", 
  "settings-schema": "org.gnome.shell.extensions.shelltile", 
  "shell-version": [
    "3.6", 
    "3.8", 
    "3.10"
  ], 
  "url": "https://bitbucket.org/emasab/shelltile", 
  "uuid": "ShellTile@emasab.it", 
  "version": 28
}