<?xml version="1.0" encoding="UTF-8"?>
<schemalist>
	<schema id="org.gnome.shell.extensions.net.gfxmonk.shellshape.prefs" path="/org/gnome/shell/extensions/net/gfxmonk/shellshape/prefs/">
		<key type="i" name="max-autotiled-windows">
			<default>5</default>
			<summary>Stop auto-tiling new windows when there are this many windows already tiled.</summary>
			<description/>
		</key>
		<key type="i" name="tile-padding">
			<default>0</default>
			<summary>Padding (in px) between layout tiles.</summary>
			<description/>
		</key>
		<key type="i" name="screen-padding">
			<default>0</default>
			<summary>Padding (in px) between layout tiles.</summary>
			<description/>
		</key>
		<key type="s" name="default-layout">
			<choices>
				<choice value="floating"/>
				<choice value="horizontal"/>
				<choice value="vertical"/>
				<choice value="fullscreen"/>
			</choices>
			<default>"floating"</default>
		</key>
	</schema>
</schemalist>
