{
  "_generated": "Generated by SweetTooth, do not edit", 
  "description": "Add a category-based menu for applications.\nThis extension is part of Classic Mode and is officially supported by GNOME. Please do not report bugs using the form below, use GNOME Bugzilla instead.", 
  "extension-id": "apps-menu", 
  "gettext-domain": "gnome-shell-extensions", 
  "name": "Applications Menu", 
  "original-authors": [
    "e2002@bk.ru", 
    "debarshir@gnome.org"
  ], 
  "shell-version": [
    "3.10"
  ], 
  "url": "http://git.gnome.org/gnome-shell-extensions", 
  "uuid": "apps-menu@gnome-shell-extensions.gcampax.github.com", 
  "version": 22
}