{
  "_generated": "Generated by SweetTooth, do not edit", 
  "description": "Configure the Activities Button and Panel appearance with the Activities Configurator Extension and the Gnome Shell Extension Preferences Tool. Click the icon or text with the secondary mouse button to launch the Gnome Shell Extension Preferences Tool.", 
  "extension-id": "activities-config", 
  "gettext-domain": "nls1729-extensions", 
  "name": "Activities Configurator", 
  "settings-schema": "org.gnome.shell.extensions.activities-config", 
  "shell-version": [
    "3.8", 
    "3.10", 
    "3.12", 
    "3.14"
  ], 
  "url": "https://nls1729.github.io", 
  "uuid": "activities-config@nls1729", 
  "version": 33
}