<?xml version="1.0" encoding="UTF-8"?>
<schemalist>
  <schema path="/org/gnome/shell/extensions/shelltile/" id="org.gnome.shell.extensions.shelltile">
    
    <key type="b" name="keep-group-maximized">
        <default>true</default>
        <summary>Keep the window group maximized</summary>
        <description>Enforce the group to take all the available space</description>
    </key>  
    
    <key type="i" name="gap-between-windows">
      <default>10</default>
      <summary>Size of the gaps between the windows</summary>
      <description>You can reduce the default size of the gaps between the windows</description>
    </key>    
    
  </schema>
</schemalist>
