{
  "_generated": "Generated by SweetTooth, do not edit", 
  "description": "Always launch a new instance when clicking in the dash or the application view.\nThis extension is part of Classic Mode and is officially supported by GNOME. Please do not report bugs using the form below, use GNOME Bugzilla instead.", 
  "extension-id": "launch-new-instance", 
  "gettext-domain": "gnome-shell-extensions", 
  "name": "Launch new instance", 
  "settings-schema": "org.gnome.shell.extensions.launch-new-instance", 
  "shell-version": [
    "3.10"
  ], 
  "url": "http://git.gnome.org/gnome-shell-extensions", 
  "uuid": "launch-new-instance@gnome-shell-extensions.gcampax.github.com", 
  "version": 8
}