<?xml version="1.0" encoding="UTF-8"?>
<schemalist gettext-domain="gnome-shell-extension-panel-osd">
  <schema path="/org/gnome/shell/extensions/panel-osd/" id="org.gnome.shell.extensions.panel-osd">
    <key type="d" name="x-pos">
      <default>50.0</default>
      <summary>Horizontal position of notification.</summary>
    </key>
    <key type="d" name="y-pos">
      <default>100.0</default>
      <summary>Vertical position of notification.</summary>
    </key>
    <key type="b" name="x-res">
      <default>false</default>
      <summary>Allow resetting horizontal position of notification.</summary>
    </key>
    <key type="b" name="y-res">
      <default>false</default>
      <summary>Allow resetting vertical position of notification.</summary>
    </key>
    <key type="b" name="force-expand">
      <default>false</default>
      <summary>Always expand notifications.</summary>
    </key>
    <key type="d" name="test-delay">
      <default>1.0</default>
      <summary>Delay before test notification is shown.</summary>
    </key>
    <key type="b" name="test-notification">
      <default>false</default>
      <summary>If the value is true a test-notification is send and then set back to false.</summary>
    </key>
  </schema>
</schemalist>