{
  "_generated": "Generated by SweetTooth, do not edit", 
  "description": "Dynamic top bar for Gnome Shell. This extension make your top bar transparent until you maximize a window.", 
  "extension-id": "dynamic-top-bar", 
  "name": "Dynamic Top Bar", 
  "settings-schema": "org.gnome.shell.extensions.dynamic-top-bar", 
  "shell-version": [
    "3.10", 
    "3.12", 
    "3.14"
  ], 
  "url": "http://github.com/AMDG2/GnomeShell_DynamicTopBar", 
  "uuid": "dynamicTopBar@gnomeshell.feildel.fr", 
  "version": 7
}