{
  "_generated": "Generated by SweetTooth, do not edit", 
  "description": "Weather extension to display weather information from http://openweathermap.org/ for many cities in GNOME Shell", 
  "localedir": "/usr/local/share/locale", 
  "name": "OpenWeather", 
  "shell-version": [
    "3.6", 
    "3.8", 
    "3.10", 
    "3.12", 
    "3.14", 
    "3.15.4"
  ], 
  "url": "https://github.com/jenslody/gnome-shell-extension-openweather", 
  "uuid": "openweather-extension@jenslody.de", 
  "version": 26
}